<?xml version="1.0" encoding="UTF-8"?>
<applications>
	<application>SmokeRegression</application>
<application>SmokeRegression</application>
<application>SmokeRegression</application>
<application>SmokeRegression</application>
<application>SmokeRegression</application>
<application>SmokeRegression</application>
<application>SmokeRegression</application>
<application>SmokeRegression</application>
<application>SmokeRegression</application>
<application>SmokeRegression</application>
<application>SmokeRegression</application>
<application>SmokeRegression</application>
	<repository>C:\\RegressionResults\\</repository>
</applications>